date,price_usd,market_cap_usd,volume_24h_usd,chain,price_change_1d,price_change_7d,price_change_30d,ma_7d,ma_30d,volatility_30d,cumulative_return,year,month,quarter,weekday
2024-08-23,0.8507863771209848,2212011269.9704933,147004465.16156062,Sui,,,,,,,0.0,2024,8,3,4
2024-08-24,1.0138647442469284,2630507486.3856425,527120640.659606,Sui,0.19167957023217985,,,,,,19.167957023217987,2024,8,3,5
2024-08-25,1.021088691613257,2645187199.838938,379193108.97665745,Sui,0.007125158861002179,,,,,,20.01704764814949,2024,8,3,6
2024-08-26,0.996622739833683,2584745813.653729,262604458.3485973,Sui,-0.02396065295848049,,,,,,17.14136082035076,2024,8,3,0
2024-08-27,0.9288230364423272,2409551410.4617815,287090076.58498365,Sui,-0.06802945656514947,,,,,,9.172297702440213,2024,8,3,1
2024-08-28,0.850084879516113,2209340930.652269,354059045.11302555,Sui,-0.0847719682188387,,,,,,-0.08245284876864378,2024,8,3,2
2024-08-29,0.812630843476151,2112865741.3140848,349029733.3333892,Sui,-0.04405917213970645,,,0.9248430446070636,,,-4.484737258481985,2024,8,3,3
2024-08-30,0.8038747973173476,2087653830.1116529,200685895.2906761,Sui,-0.010774937019801145,-0.055139081989516,,0.9181413903494011,,,-5.513908198951601,2024,8,3,4
2024-08-31,0.832698371160662,2164560261.522931,230173692.3989977,Sui,0.03585579985776777,-0.17868889722645587,,0.8922604799085059,,,-2.1260338019905345,2024,8,3,5
2024-09-01,0.7973909055960918,2068498210.383737,103273508.60662784,Sui,-0.042401266517858915,-0.21907772346762222,,0.860303653334625,,,-6.276013927912238,2024,9,3,6
2024-09-02,0.7634092761110737,2046857435.1864312,147437761.64381438,Sui,-0.04261602339145698,-0.2340037552840989,,0.8269874442313953,,,-10.270157510700928,2024,9,3,0
2024-09-03,0.7853426399666246,2106016102.342137,216630811.5566775,Sui,0.028730806058950398,-0.15447549301239982,,0.8064902447348662,,,-7.6921468084407145,2024,9,3,1
2024-09-04,0.7867496125513386,2116141665.0416129,288810042.61851984,Sui,0.0017915397854544324,-0.07450463887891556,,0.7974423494541841,,,-7.526773616938154,2024,9,3,2
2024-09-05,0.809679925120235,2167418296.4234757,321871855.9007844,Sui,0.029145629312146815,-0.0036313147348592256,,0.7970207896890533,,,-4.8315832394791975,2024,9,3,3
2024-09-06,0.7973588403008924,2137444067.8170297,243436923.26635668,Sui,-0.015217228977874142,-0.00810568640564413,,0.7960899386867026,,,-6.279782828785796,2024,9,3,4
2024-09-07,0.8360236142317813,2241754932.485148,413550671.1413717,Sui,0.04849105819946553,0.003993334424906347,,0.7965649734111482,,,-1.735190323469904,2024,9,3,5
2024-09-08,0.890469479614725,2383222467.860171,314835116.4438326,Sui,0.06512479367341051,0.11672891346691738,,0.8098619125566673,,,4.6642851320710665,2024,9,3,6
2024-09-09,0.9359090586255177,2514007462.958575,453666116.7246734,Sui,0.05102878880301742,0.22595976746992763,,0.8345047386301593,,,10.005176833294316,2024,9,3,0
2024-09-10,0.9534666569338248,2559610830.544586,484201582.90017134,Sui,0.01875994055885344,0.2140772809360576,,0.8585224553397593,,,12.068867411853091,2024,9,3,1
2024-09-11,0.9186918245867802,2459889854.1286736,343309214.5189487,Sui,-0.036471996261383866,0.1677054680809671,,0.8773713427733938,,,7.981492098590448,2024,9,3,2
2024-09-12,0.9321412453831902,2499770251.8160057,311747127.07401526,Sui,0.014639752348356128,0.1512465808569603,,0.8948658170966731,,,9.56231440111981,2024,9,3,3
2024-09-13,1.041028943362713,2789234133.9682593,740313314.3652396,Sui,0.11681459062007327,0.30559654041067486,,0.9296758318197903,,,22.360791305274375,2024,9,3,4
2024-09-14,1.0283593607905792,2757038670.187426,353161087.10229933,Sui,-0.012170250071250277,0.2300601840481915,,0.9571523670424759,,,20.871629876173124,2024,9,3,5
2024-09-15,1.0407053445754468,2786006715.0660434,314403352.826202,Sui,0.012005515052030402,0.16871534443350455,,0.978614633465436,,,22.32275604801497,2024,9,3,6
2024-09-16,1.0825910805097796,2905024404.264287,502138394.316836,Sui,0.04024744962890514,0.15672678935246132,,0.9995692080203307,,,27.245935010526303,2024,9,3,0
2024-09-17,1.0434051491523249,2804324639.8961062,524650254.3615356,Sui,-0.036196429162341226,0.09432788400564096,,1.0124175640515447,,,22.640086537721913,2024,9,3,1
2024-09-18,1.168463728641916,3131455122.387812,577901643.5286385,Sui,0.11985620311648848,0.2718777911923631,,1.0480992646308498,,,37.33926166001085,2024,9,3,2
2024-09-19,1.2947057163821711,3462677059.7806964,778522415.4432043,Sui,0.10804099831749503,0.3889587257239495,,1.099894189059276,,,52.17753259794608,2024,9,3,3
2024-09-20,1.3858637681235677,3717731506.2868967,969884093.9588754,Sui,0.07040831795824753,0.3312442242450777,,1.149156306882255,,,62.89209669920386,2024,9,3,4
2024-09-21,1.4655015378563294,3925305223.490777,1079196164.6459773,Sui,0.05746435657278903,0.4250869819765002,,1.2116051893202193,0.9622577396381452,,72.25258622681612,2024,9,3,5
2024-09-22,1.4893056522139478,3991285160.058238,576848450.1581538,Sui,0.016242981493173936,0.43105410189039284,0.7505048179704967,1.2756909475542908,0.9835417154745774,0.06099428219801955,75.05048179704967,2024,9,3,6
2024-09-23,1.5780486989277156,4228311369.958685,953051151.40844,Sui,0.0595868595421265,0.45765906198361694,0.5564686590417423,1.346470607328282,1.0023478472972702,0.05237405307261803,85.48119026867205,2024,9,3,0
2024-09-24,1.534456305705568,4116933018.981878,564642163.7758939,Sui,-0.027624238245479105,0.47062366613024587,0.5027649589197014,1.4166207725501736,1.0194601011003472,0.05296164192777177,80.3574136786352,2024,9,3,1
2024-09-25,1.747364668396515,4682694067.442035,1216396684.1583245,Sui,0.13875166200516098,0.4954376636298714,0.7532859712674389,1.4993209068008306,1.0444848320524416,0.05701112811914337,105.3823045814982,2024,9,3,2
2024-09-26,1.6990619636655135,4536062164.291728,846998251.8184112,Sui,-0.0276431735198851,0.31231517878305604,0.8292633763407011,1.5570860849841655,1.0701594629598812,0.05530169338425669,99.70488589803794,2024,9,3,3
2024-09-27,1.6488120333843557,4421509811.347048,905122797.8236406,Sui,-0.029575101647705604,0.18973601252077965,0.9395851792151575,1.5946501228785637,1.096783701422156,0.052481140425612915,93.79859359806002,2024,9,3,4
2024-09-28,1.6595235481223771,4447403924.676446,659086268.5800247,Sui,0.006496504465724362,0.13239290799370607,1.0421616548831878,1.6223675529165702,1.1250134582436968,0.051024876783785984,95.05760702682092,2024,9,3,5
2024-09-29,1.690081932328978,4530513812.576139,421224249.2096356,Sui,0.018413950342057728,0.13481200438376328,1.1024193543186556,1.651049878647289,1.1545536960774179,0.050589839297256335,98.64938811645338,2024,9,3,6
2024-09-30,1.7614906650295168,4727024691.488289,955636588.377204,Sui,0.04225163960077105,0.11624607417150701,1.1154006372970944,1.6772558738046892,1.1855134392063795,0.05064509216567086,107.04265047006349,2024,9,3,0
2024-10-01,1.7759590612431102,4757894316.30934,833271020.1067513,Sui,0.008213722900059173,0.15738653139849124,1.2272125864233265,1.7117562674529094,1.218132377727947,0.04909053670846916,108.7432414295184,2024,10,4,1
2024-10-02,1.7699417682770602,4902134291.123311,1616767226.696851,Sui,-0.003388193510405646,0.012920657198169927,1.3184703456754163,1.7149815674358444,1.2516834608001466,0.047641183371826025,108.03597893356587,2024,10,4,2
2024-10-03,1.840038766699644,5083958375.1099415,1273573315.9887605,Sui,0.03960412691476245,0.08297331471654545,1.3429757574067822,1.7351211107264344,1.2868399983579137,0.04767668195951254,116.27506224608766,2024,10,4,3
2024-10-04,1.6757118825210735,4639918274.457497,1655664505.293121,Sui,-0.08930620764763175,0.016314685113925975,1.1299176457004312,1.7389639463173943,1.3164720740235716,0.05221003501953933,96.9603566281341,2024,10,4,4
2024-10-05,1.772526393933093,4897530618.708205,1320501495.9583118,Sui,0.05777515360597918,0.06809354765623543,1.1891692494041743,1.7551072100046394,1.3485669563173335,0.05251515021006801,108.33977148661296,2024,10,4,5
2024-10-06,1.7581099057239122,4857924482.2285185,460139835.7954259,Sui,-0.008133299599106025,0.040251287285930415,1.2049168039078482,1.7648254919182016,1.3805919918314342,0.052330872223987614,106.64528170670309,2024,10,4,6
2024-10-07,1.8409972225772,5089492823.814903,733018372.3318363,Sui,0.047145696968903916,0.04513595168348572,1.2020875860891618,1.7761835715678704,1.4140911121096147,0.05231327163966934,116.38771753810109,2024,10,4,0
2024-10-08,2.029031213026386,5615143475.940724,2002122369.1531,Sui,0.10213703103036664,0.1424988657149191,1.2786083739829883,1.8123367361083385,1.4520431698900036,0.053639954022537434,138.4889165588803,2024,10,4,1
2024-10-09,1.98770779713734,5496047729.15087,1540110513.698788,Sui,-0.02036608191325473,0.12303570250916396,1.123825791425185,1.8434461688026642,1.4871031278403977,0.05421779828599091,133.63183174883875,2024,10,4,2
2024-10-10,1.8769154693699404,5186629000.872619,1079258402.1917908,Sui,-0.055738739832364104,0.02004126398730155,0.9685171534007899,1.8487142691841352,1.5178847549216015,0.056266124782338146,120.60948786243158,2024,10,4,3
2024-10-11,1.8314947951540053,5060818999.287079,1004763489.0716867,Sui,-0.024199637627357995,0.09296521332686347,0.9935899570868567,1.8709689709888393,1.5483115206071756,0.05585201848489573,115.27081819900368,2024,10,4,4
2024-10-12,2.053148014831685,5672923424.914546,1472528371.9957004,Sui,0.12102312289620332,0.15831731581492292,1.2026147056583305,1.9110577739743528,1.5856784129221255,0.058503852915062556,141.32356488586794,2024,10,4,5
2024-10-13,2.24170399369927,6195878168.620368,1573729810.4728537,Sui,0.09183749905290828,0.27506476495065035,1.1533541483084595,1.9801426436851182,1.6257009146000105,0.05736702007227681,163.48611754751826,2024,10,4,6
2024-10-14,2.3408987820393152,6475877320.006593,1280060963.1152177,Sui,0.04424972637727853,0.27153846476873356,1.2763431454931142,2.0515571521797056,1.6694522286416353,0.05694701338616901,175.14530615320737,2024,10,4,0
2024-10-15,2.250291250881008,6226451748.812283,1463964804.071177,Sui,-0.038706300269579774,0.1090471336439438,1.162275097951965,2.0831657290160805,1.7097717588518206,0.05821716420733318,164.49544931547587,2024,10,4,1
2024-10-16,2.05072443653971,5659665240.582557,1720096673.208567,Sui,-0.08868488212944248,0.031703170603408326,0.8942742772035841,2.092168106073562,1.7420428707194848,0.06189632051383833,141.03870156915895,2024,10,4,2
2024-10-17,2.0839656063568355,5740547957.906691,1233409810.1681356,Sui,0.01620947662437522,0.11031404470037187,0.9972736458602631,2.1217466970716896,1.7767282192929685,0.06088969966001925,144.945812767814,2024,10,4,3
2024-10-18,2.0226329285994886,5586457019.99207,868795796.0079961,Sui,-0.029430753353251293,0.10436182180327247,0.7310190115617521,2.1490521447067588,1.8052005259582211,0.05894607462501067,137.7368729673328,2024,10,4,4
2024-10-19,2.128873030590839,5885954750.421095,808213747.3247008,Sui,0.052525646393442926,0.036882394845440425,0.6442910567658593,2.159870004100924,1.8330061030985099,0.05692700447246047,150.22415589149776,2024,10,4,5
2024-10-20,2.064906677595255,5703624148.503284,471581653.74920714,Sui,-0.030047049343206345,-0.07886737794148424,0.48997810974674527,2.1346132446574932,1.8556408667475663,0.05670730774552793,142.7056583325638,2024,10,4,6
2024-10-21,2.126240568930124,5875661143.003627,589273190.7763649,Sui,0.029702984643498187,-0.0916990579670377,0.45086205234577537,2.1039477856418944,1.8776655011166927,0.05621317680492344,149.9147407749061,2024,10,4,0
2024-10-22,2.014617081044524,5568082038.555412,787418119.504116,Sui,-0.05249805196867563,-0.10473051865806948,0.35272237639712656,2.070280047093825,1.895175882077712,0.05750384327725518,136.79470372596697,2024,10,4,1
2024-10-23,1.936054394394911,5350410993.216459,703323760.0354645,Sui,-0.038996337015508864,-0.05591684582365808,0.22686606294879264,2.053898612501711,1.907109405259952,0.0574889315093795,127.56057765598156,2024,10,4,2
2024-10-24,1.9788389456517383,5468538532.450964,903986001.5415868,Sui,0.022098837398728755,-0.050445487384447985,0.28960266792467304,2.0388805181152683,1.9219221599248244,0.05713017201433198,132.5894018599619,2024,10,4,3
2024-10-25,1.934664218082024,5342759153.765517,742356806.9516741,Sui,-0.02232355880542125,-0.04349217758378732,0.1071897315271837,2.026313559469916,1.9281654782476745,0.05195267177801389,127.3971786700233,2024,10,4,4
2024-10-26,1.7320448740062977,4758429595.37244,908726575.7675284,Sui,-0.10473101336241064,-0.1864029234634098,0.01941242347019978,1.969623822814982,1.9292649085923672,0.055399020929254805,103.58164171215859,2024,10,4,5
2024-10-27,1.7952317483751186,4960897532.457889,708864571.5610441,Sui,0.0364810839009424,-0.1305990881554967,0.08880315768330571,1.931098832926391,1.9341455657587259,0.055408616258681924,111.00852066415143,2024,10,4,6
2024-10-28,1.7505456263856518,4837354373.755022,532803079.53417134,Sui,-0.024891561788561556,-0.17669446629621666,0.054848319788085576,1.8774281268486095,1.9371796350341688,0.05566187930093748,105.75618903412672,2024,10,4,0
2024-10-29,1.7760522226481028,4913840327.388607,996842310.808554,Sui,0.01457065493066545,-0.11841697394560546,0.050867528179924015,1.8433474327919779,1.9400453113781393,0.055630246493188755,108.75419146439178,2024,10,4,1
2024-10-30,2.0640180674190463,5694014725.856604,1686945530.8653855,Sui,0.1621381629992753,0.06609508151971566,0.17174510679820165,1.8616279575097112,1.9501295581244569,0.06242709729047495,142.60121258682727,2024,10,4,2
2024-10-31,2.0940116257839865,5794224771.311295,1184566098.376487,Sui,0.01453163556966608,0.058202149490400146,0.17908777937609122,1.8780811975286038,1.9607313102758195,0.06244149113927182,146.12660499689815,2024,10,4,3
2024-11-01,1.9733853038054163,5457125646.88151,863316820.0174927,Sui,-0.05760537357733553,0.02001437012246976,0.11494363214355752,1.8836127812033745,1.967512761460098,0.06353806496857844,131.94838996873054,2024,11,4,4
2024-11-02,1.991717876391068,5667010540.8809595,1139136225.3770745,Sui,0.009289910363829978,0.14992279142522147,0.08243256198535454,1.9207089244011986,1.9725687317831455,0.06321798583136537,134.1031697205747,2024,11,4,5
2024-11-03,1.911173989800605,5442366757.54479,505622861.739672,Sui,-0.04043940537221358,0.06458343973162628,0.140514673038711,1.9372721017476968,1.9804174686924632,0.061317657633071995,124.63617674132425,2024,11,4,6
2024-11-04,1.952599421534052,5555424356.618169,924188195.2897176,Sui,0.021675384844353607,0.11542332407843614,0.10159116852493888,1.9661369296260396,1.9864199029458287,0.06062014633589606,129.5052523221567,2024,11,4,0
2024-11-05,1.854421118195456,5274852079.1503935,898335852.7291474,Sui,-0.050280821686130905,0.04412533288604803,0.05478111018997245,1.977332486132804,1.98963027669488,0.06141723669020549,117.96553965411589,2024,11,4,1
2024-11-06,2.006968033927973,5714858375.784058,1087005134.2398934,Sui,0.08226120498506884,-0.027640278150477426,0.0901526679754745,1.9691824813483652,1.9951626370732392,0.06259987401771254,135.89564759128424,2024,11,4,2
2024-11-07,2.3055172587541453,6563125973.774844,2416189978.21223,Sui,0.14875634279130057,0.10100499460740675,0.13626505297341795,1.9993975717726735,2.0043788385974977,0.06560774979405062,170.98662140734916,2024,11,4,3
2024-11-08,2.3162366496307025,6596464473.977898,1337185864.5223036,Sui,0.0046494515865604935,0.17373766043769656,0.16528025546134284,2.048376335462,2.0153298003472764,0.0654160935976277,172.2465605841883,2024,11,4,4
2024-11-09,2.2939738724508874,6537101843.346007,829410494.9488133,Sui,-0.009611615973421639,0.15175643078903223,0.22220414818198964,2.091555763470546,2.0292317471166417,0.06442237399426977,169.6298311937682,2024,11,4,5
2024-11-10,2.767160210310343,7945265796.0785055,1992984849.1862783,Sui,0.20627363874633065,0.4478850303938282,0.5108752793794646,2.2138395092576517,2.060420594288519,0.07347567991429332,225.24735758866564,2024,11,4,6
2024-11-11,3.029423349724457,8611285934.063612,4318427234.733163,Sui,0.09477699861284883,0.5514822529981098,0.47550168221690825,2.3676714989991376,2.0929631054516116,0.07233355073707137,256.0733259476794,2024,11,4,0
2024-11-12,3.2413403971683445,9224868329.117369,3707519755.459994,Sui,0.06995293261444058,0.7478987730265414,0.44592702974109866,2.5658028245666933,2.126284318900581,0.07164377894592182,280.98169932349714,2024,11,4,1
2024-11-13,3.2411282916456803,9236235888.256924,2854737097.491433,Sui,-6.5437595770379e-05,0.6149376755653895,0.38456575590257436,2.7421114328120804,2.1562919692207934,0.0714707855816686,280.9567687970608,2024,11,4,2
2024-11-14,3.2891139131509863,9353949825.820858,3026740107.8177633,Sui,0.014805221264765578,0.42662732220376287,0.46163920419779925,2.882625240583057,2.1909193912964593,0.07079385846965568,286.5969180514115,2024,11,4,3
2024-11-15,3.346733084646828,9512917655.607391,2426663184.0417585,Sui,0.017518144101200228,0.44490118709607085,0.6319760105331063,3.029839017013932,2.2341196795666964,0.06802976394599303,293.369378570916,2024,11,4,4
2024-11-16,3.6123990400121393,10264987905.245983,2147227654.690209,Sui,0.07938068218946293,0.5747341691179086,0.7334254600906267,3.218185469522683,2.2850674606885395,0.06892573042629012,324.5953081943205,2024,11,4,5
2024-11-17,3.758661600407315,10676690643.10885,2160844052.5272865,Sui,0.040489037555132334,0.35831007774781964,0.8583013987663533,3.3598285252508218,2.342935083082134,0.06835252626981701,341.7867635735334,2024,11,4,6
2024-11-18,3.793604743540792,10814029753.403755,1827861686.3051136,Sui,0.009296698359248401,0.2522530876662852,0.7819779240135938,3.468997295796012,2.3984261401804656,0.06816430713962895,345.8939218535851,2024,11,4,0
2024-11-19,3.705758430222303,10548083082.586838,1609056773.3477416,Sui,-0.02315642225723724,0.14327962390487503,0.7946372445935173,3.535342729089435,2.4531211986013672,0.06799577411769528,335.568613917208,2024,11,4,1
2024-11-20,3.73213479143864,10624850809.278528,1462823156.3816366,Sui,0.007117668815437295,0.15149246052943233,0.755274001434638,3.6054865147741433,2.5066510060183176,0.06803029712930524,338.6688470574696,2024,11,4,2
2024-11-21,3.544656430030538,10106195737.396671,2090644272.012438,Sui,-0.05023354511154554,0.07769342249224231,0.7594690640628992,3.6419925886140794,2.557652317651185,0.06794708408670261,316.6329557397786,2024,11,4,3
2024-11-22,3.642549277181274,10387153609.790049,2230431950.133786,Sui,0.0276170198954635,0.08838953841030994,0.8814292035011271,3.6842520446904286,2.6145354804107304,0.06699643215589447,328.13911636754983,2024,11,4,4
2024-11-23,3.564788973986595,10144148211.753458,1578337853.216044,Sui,-0.021347769728692012,-0.01317962536757411,0.8014548287619829,3.6774506066867794,2.6674004813552257,0.0674920385897672,318.9993010994897,2024,11,4,5
2024-11-24,3.4406638331424864,9772504245.890203,2244900366.218933,Sui,-0.03481977243250289,-0.08460398968355332,0.7784294561220921,3.6320223542203753,2.7176004685239072,0.06781216450407224,304.40984078582767,2024,11,4,6
2024-11-25,3.3955177879044163,9662769020.77849,1966910408.098705,Sui,-0.013121318276780425,-0.10493632904539707,0.9604098247468791,3.5751527891294645,2.773049565653845,0.06388148834981904,299.10345055061475,2024,11,4,0
2024-11-26,3.1939870460619426,9080647166.613256,1907137233.5307176,Sui,-0.05935199119273371,-0.13810165821565978,0.779150267898755,3.5020425913922706,2.819674742243406,0.06563546528534629,275.41586606854503,2024,11,4,1
2024-11-27,3.437336375989591,9776895457.100634,3196128165.538238,Sui,0.07618982995804213,-0.07898921982274165,0.9635799971044758,3.459928532042406,2.875901100563537,0.0657747313189322,304.0187370678586,2024,11,4,2
2024-11-28,3.4383915140942785,9769732073.466444,1522722901.1349304,Sui,0.0003069638782102757,-0.02997890431241146,0.9359743312995714,3.444747829765798,2.9313124102784096,0.06590197068466437,304.14275622625854,2024,11,4,3
2024-11-29,3.4477142095053273,9810930761.469324,1557348666.1319058,Sui,0.002711353658486626,-0.05348865666594815,0.6703895493591903,3.416914248669234,2.977435615014619,0.06061386441573805,305.2385301669035,2024,11,4,4
2024-11-30,3.4898833358290027,9944375149.14607,1391814669.447746,Sui,0.012231038816215012,-0.021012643021565247,0.6666017002281015,3.4062134432181495,3.0239646720161195,0.060621061305927905,310.1950183592008,2024,11,4,5
2024-12-01,3.4903215998391652,9934380929.61596,806292385.0745267,Sui,0.00012558127822304144,0.014432612165811154,0.7686974728698623,3.4133074098891036,3.0745292152172445,0.059005395376417934,310.24653117392705,2024,12,4,6
2024-12-02,3.4744090975703332,10170610366.500051,1114160806.0669098,Sui,-0.004559036127090743,0.023233955642036452,0.7444283343310933,3.4245775969842347,3.12395225592322,0.05915227084368229,308.37620241729144,2024,12,4,0
2024-12-03,3.392018447958141,9931082533.099424,1607808772.6350358,Sui,-0.023713571804140243,0.062001316548970786,0.7748349789503122,3.45286779725512,3.1733137378618044,0.05863656978279515,298.69214401816686,2024,12,4,1
2024-12-04,3.7102317955115223,10872176101.728174,3128402702.3687525,Sui,0.09381238705966743,0.07939153742070593,0.9001500023986453,3.4918528571868244,3.2319014836610536,0.06013110517989085,336.0944057504478,2024,12,4,2
2024-12-05,3.6721064086966657,10739287262.218576,2169269390.686038,Sui,-0.01027574257246655,0.06797215897153319,0.9801901373243667,3.52524069927288,3.2924909933444275,0.05887427537770921,331.61321189966344,2024,12,4,3
2024-12-06,4.220303251080122,12351106277.191525,5835585128.456685,Sui,0.14928675298873695,0.2240873212300405,1.1028253463610387,3.6356105623549935,3.3662688339161657,0.06230940088024767,396.0473468512038,2024,12,4,4
2024-12-07,4.220492383206244,12356166808.945238,3106246345.239786,Sui,4.481481895246553e-05,0.20935056478146974,0.8306054171491704,3.739983283408885,3.4301013380645684,0.05804487776816285,396.0695771232448,2024,12,4,5
2024-12-08,4.260439774963818,12527312713.09066,1495356250.4383197,Sui,0.009465102203839892,0.22064390145599777,0.8393801754423913,3.8500001655695493,3.4949081089090064,0.05800223377566809,400.7649263709319,2024,12,4,6
2024-12-09,4.25330841413893,12452383792.593525,1243738325.33759,Sui,-0.001673855564581661,0.2241818089623595,0.8541224314794329,3.9612714965079205,3.5602192602986076,0.057870832750696134,399.9267182123785,2024,12,4,0
2024-12-10,3.825906764408686,11176446733.618574,3069693126.5877795,Sui,-0.10048687001146384,0.1279144919485118,0.3826112236485224,4.023255541715141,3.5955108121018857,0.0509283651483085,349.6906470641136,2024,12,4,1
2024-12-11,3.712431039384077,10859019753.71734,3531898028.766607,Sui,-0.029659824980640237,0.0005927510715679762,0.2254579868217308,4.0235697194112205,3.6182777350905395,0.04899116103289767,336.35290117676107,2024,12,4,2
2024-12-12,4.372282471753663,12797825641.049894,3001616228.7017775,Sui,0.17774106114549149,0.19067423029974484,0.34891185003997616,4.123594871276507,3.655975804243383,0.05699535924938218,413.9107288658325,2024,12,4,3
2024-12-13,4.620513668988369,13522926672.10157,4099648815.32841,Sui,0.05677382438997447,0.09482977741133136,0.425588021584393,4.180767788120541,3.701955316821473,0.05753900426359825,443.08740633858497,2024,12,4,4
2024-12-14,4.743800545245708,13872221413.099745,2188729324.329308,Sui,0.026682504390108885,0.12399220624630414,0.4422731077444275,4.2555260969833215,3.75044487122463,0.05758972451334916,457.5783384424271,2024,12,4,5
2024-12-15,4.460467011664585,13061553743.314508,1470154940.7192428,Sui,-0.05972711771473682,0.046949903593570985,0.33278241761406746,4.284101416512003,3.7875693354585556,0.059124720609256685,424.2757913870888,2024,12,4,6
2024-12-16,4.819895270092734,14086024675.296455,1526971654.233276,Sui,0.08058085789855784,0.13321085629961482,0.3342643536071077,4.365042395933974,3.8278192097945754,0.0591728046165054,466.5223844325057,2024,12,4,0
2024-12-17,4.628558395977351,13566512029.273573,1948713136.707407,Sui,-0.039697309462846775,0.2097938295400985,0.23143791276016135,4.479706914729499,3.85681576964691,0.05961719919357943,444.03297002005877,2024,12,4,1
2024-12-18,4.636098451218198,13583457062.784792,1592485059.6629803,Sui,0.0016290288672602404,0.24880392444605937,0.22208262711393023,4.611659402134372,3.884898893236157,0.0596305676836478,444.9192154329628,2024,12,4,2
2024-12-19,4.329300804992032,12659765892.979942,2301662280.3282466,Sui,-0.06617582638814568,-0.009830487174446345,0.16826309283531038,4.6055191640255675,3.9056836390618144,0.06091771292213022,408.85873603690646,2024,12,4,3
2024-12-20,4.092943477437273,12004928106.319124,3166000738.280808,Sui,-0.05459480368798131,-0.11417998719319966,0.09667622049083358,4.530151993803983,3.917710595261769,0.06194397452227893,381.07769323805735,2024,12,4,4
2024-12-21,4.564787326590686,13355812726.328772,4291084954.2750072,Sui,0.11528227832964122,-0.037736244799421725,0.28779401239497826,4.504578676853265,3.9517149584804403,0.06419787977912796,436.5374257681088,2024,12,4,5
2024-12-22,4.357367685162443,12738576714.503113,3003914826.283585,Sui,-0.04543905916930391,-0.02311402062441592,0.1962412457833156,4.489850201638673,3.9755422387464794,0.06490305914431053,412.15766993208564,2024,12,4,6
2024-12-23,4.3024604535926905,12624316373.498775,2322733220.855751,Sui,-0.012601009494039528,-0.10735395428832373,0.20693272027856913,4.415930942138668,4.000131288066682,0.06478649378907912,405.7039662708263,2024,12,4,0
2024-12-24,4.707136764827649,13780421985.64939,2457909005.509235,Sui,0.09405695080754106,0.016976855886400744,0.3680897039361286,4.427156423402996,4.042347052456188,0.06609297954651076,453.26893934953995,2024,12,4,1
2024-12-25,4.61228790602904,13463011358.331911,1447951329.0100691,Sui,-0.0201500112568076,-0.005135901543010246,0.3583459708145329,4.423754916947402,4.082906056393676,0.0661994103418053,442.12056399360466,2024,12,4,2
2024-12-26,4.507653052914146,13208306295.62732,1106206243.8097725,Sui,-0.0226861061682897,0.041196547885159696,0.4112934673520048,4.449233809507704,4.126694923288749,0.06516137970807044,429.82195932283275,2024,12,4,3
2024-12-27,4.187332111575813,12288135710.460217,1303812811.083961,Sui,-0.07106157851506545,0.023061308972104344,0.21819096345212996,4.462717900098924,4.151694781141623,0.06582022289095593,392.1719745614074,2024,12,4,4
2024-12-28,4.0801461198542395,11951476750.346111,1215439832.345487,Sui,-0.02559768102111115,-0.10616950408912296,0.18664384295079572,4.393483441993718,4.173086601333622,0.0661021894831234,379.5735133490541,2024,12,4,5
2024-12-29,4.205090486880547,12301801006.73427,873007466.9253981,Sui,0.030622522663666496,-0.03494706191548291,0.2196749009204817,4.371729556524875,4.1983324772461295,0.06622521865236676,394.2592641304796,2024,12,4,6
2024-12-30,4.1034287043334325,12012820946.294577,658169635.3974793,Sui,-0.024175884648448998,-0.0462599834225228,0.17580684208135167,4.3432964494878386,4.2187839895296095,0.06649084079540026,382.3101091744339,2024,12,4,0
2024-12-31,4.169404696966147,12181411829.592,852217490.56896,Sui,0.016078259764338076,-0.11423761295391022,0.1945617553288712,4.266477582650481,4.241420092767176,0.06649394397412042,390.0648163967067,2024,12,4,1
2025-01-01,4.118603015862578,12061745642.828028,958345521.727092,Sui,-0.012184396765450578,-0.10703687632359893,0.185411072847677,4.195951169769558,4.262893223376918,0.06655812185226588,384.0936722329415,2025,1,1,2
2025-01-02,4.269666583811272,12837694591.574488,711801321.8057398,Sui,0.03667835121930452,-0.05279609284681275,0.258739198892459,4.161953102754862,4.292148161238689,0.06648728955624454,401.8494299661442,2025,1,1,3
2025-01-03,4.35173858147713,13095110420.60686,911076913.4336828,Sui,0.019222109280625954,0.039262820698367173,0.17290207763883503,4.185439741312193,4.313531720770876,0.064603364450094,411.4960345513733,2025,1,1,4
2025-01-04,4.959400556902818,14960968613.435217,1328920950.677133,Sui,0.13963659903932624,0.21549582079182716,0.3505601431258767,4.311047518033417,4.35644152571108,0.06885757709772307,482.9196012382288,2025,1,1,5
2025-01-05,5.297819504838293,15926827307.465134,2282690426.4117336,Sui,0.06823787351970223,0.2598586216793548,0.2553172579440579,4.467151663455953,4.392358734169687,0.06476435150891074,522.6967952596782,2025,1,1,6
2025-01-06,5.237884047854145,15793226633.029194,1204559170.806889,Sui,-0.011313231213221031,0.2764652258543372,0.24105994568221534,4.629216712530341,4.4262717896579495,0.06485503308461378,515.6520824391738,2025,1,1,0
2025-01-07,5.080190137379911,15272113302.554638,1320853132.390888,Sui,-0.030106414925095137,0.21844495955897347,0.1924097993904994,4.759328918303735,4.4535968017384855,0.06525028577515461,497.11700539576105,2025,1,1,1
2025-01-08,4.792710834869421,14424816979.793102,1591189851.074444,Sui,-0.056588295858303495,0.16367390020610206,0.12681949395849101,4.855630035304713,4.471576882429503,0.06628904747120899,463.3271716324016,2025,1,1,2
2025-01-09,4.888628496622713,14732933378.20915,2218567029.5043516,Sui,0.020013237822620544,0.1449672710179002,0.27776989813244346,4.944053165706348,4.507000940169971,0.06319045044807821,474.601172290225,2025,1,1,3
2025-01-10,4.747202480759613,14262422500.750029,1960476809.0268896,Sui,-0.028929589548644108,0.09087492088007032,0.278731491682392,5.000548008460988,4.541493321549154,0.06317476562948601,457.978196221699,2025,1,1,4
2025-01-11,5.141553548893267,15503951953.176142,2588818495.6681566,Sui,0.08307020181505975,0.036728832426515146,0.1759426757327185,5.026569864459623,4.567135690787142,0.05652519972470098,504.32955759023866,2025,1,1,5
2025-01-12,4.971392505068294,14973415582.840776,971595428.6492344,Sui,-0.033095258506371295,-0.06161534938513591,0.07593935679379737,4.979937435921052,4.578831651989805,0.05617217012863926,484.32911465874867,2025,1,1,6
2025-01-13,4.733488582332075,14242274497.622288,754409737.268018,Sui,-0.04785458450397495,-0.09629756231979025,-0.0021737766618302734,4.90788094084647,4.578487919892685,0.05677593150527143,456.36628766317875,2025,1,1,0
2025-01-14,4.7475115180208025,14287181856.731688,2357173253.28221,Sui,0.0029624948797950523,-0.06548546616617112,0.06435301631097512,4.86035542379517,4.588056070104558,0.055588351468328835,458.0145199416715,2025,1,1,1
2025-01-15,4.587792819112528,13808211954.040903,1312663297.831982,Sui,-0.03364261430477988,-0.042756181797159454,-0.0481550817961528,4.831081421544185,4.580319321738552,0.05401830371792639,439.24145267080695,2025,1,1,2
2025-01-16,4.850329636156683,14595959429.02983,1707673007.8120766,Sui,0.05722508129626935,-0.007834275092183596,0.04791367445467931,4.825610155763323,4.587711696411196,0.05447598002880768,470.0995886382122,2025,1,1,3
2025-01-17,4.7577921469814655,14316072960.890694,915836609.7416234,Sui,-0.019078597975155986,0.0022307171991866603,0.026249161238431018,4.827122965223588,4.5917681529366385,0.05462429230258319,459.222887780782,2025,1,1,4
2025-01-18,4.856106026346662,14614915631.364132,1595833074.1970875,Sui,0.020663760905900608,-0.05551775739222786,0.12168367251062384,4.786344747716931,4.609328326981792,0.053153774257718216,470.77853582699134,2025,1,1,5
2025-01-19,5.015581196120385,15093050285.153357,1814054276.1197965,Sui,0.032840133413169825,0.008888594293659402,0.22542156366664656,4.792657417867228,4.640082917604563,0.05215229122761935,489.52297909292355,2025,1,1,6
2025-01-20,4.502742550109692,13552209142.241844,2591862501.2026715,Sui,-0.1022490965568219,-0.048747562861702454,-0.013592040995989652,4.7596936989783165,4.63801475838853,0.0518533321886058,429.2447870811859,2025,1,1,0
2025-01-21,4.3822873089046475,13194043442.40957,2655434108.6047907,Sui,-0.02675152751118537,-0.07692960990822706,0.005718962810290273,4.707518811961724,4.6388454125132705,0.05138864043059454,415.08668059943216,2025,1,1,1
2025-01-22,4.65941545002527,14013763899.40119,1739727725.0196347,Sui,0.06323824103397047,0.015611566113963304,0.08296531723714295,4.717750616377829,4.650743912394357,0.05252681439666128,447.65985626056687,2025,1,1,2
2025-01-23,4.462930905366384,13448628557.682518,876888547.292832,Sui,-0.04216935509749842,-0.07987059846457523,-0.05187991589409602,4.662407940550644,4.6426037170789805,0.050311903769897734,424.56539330927006,2025,1,1,3
2025-01-24,4.315608358487608,12993015278.922195,1260620853.235432,Sui,-0.03301026836459198,-0.09293886215151226,-0.06432372687611754,4.599238827908664,4.6327143988276,0.05053874736692378,407.24934890135336,2025,1,1,4
2025-01-25,4.187984871351703,12595770265.727638,1229415350.45126,Sui,-0.029572536832473406,-0.13758372477250025,-0.07091676706479921,4.50379294862367,4.622058792775518,0.05065614436483857,392.2486988477199,2025,1,1,5
2025-01-26,4.138278217266177,12460923078.331676,776586721.5907756,Sui,-0.01186887145308202,-0.17491551717532006,-0.011714832500156147,4.378463951644497,4.620423662965197,0.048966989648232706,386.40626231814934,2025,1,1,6
2025-01-27,3.865475187122147,11647133224.165686,794069865.6921362,Sui,-0.06592186794155386,-0.14152871408826606,-0.052613540404224834,4.287425756931991,4.61326796520746,0.05025157971383642,354.34145292766755,2025,1,1,0
2025-01-28,3.960372022476053,11909419390.02266,2527372768.4796147,Sui,0.024549849827016246,-0.09627741329768091,-0.058195766575770524,4.227152144585049,4.605110683060643,0.05013356192381006,365.4954673672301,2025,1,1,1
2025-01-29,3.6486540466330024,10970646386.148771,797442172.6440954,Sui,-0.07870926621892516,-0.2169288002396922,-0.11082796618841328,4.082757658386154,4.589951527803963,0.05196543589087747,328.85666070251983,2025,1,1,2
2025-01-30,3.7029959604429328,11152252655.418253,1219980381.9023857,Sui,0.014893687676439837,-0.17027710288090692,-0.11186458749437178,3.974195523397089,4.574404569919856,0.05195118548336837,335.2439178649841,2025,1,1,3
2025-01-31,4.1207925310248275,12406170303.320894,1631349309.472824,Sui,0.11282663417540428,-0.045142147127329446,0.0005316159760522243,3.9463646909024064,4.574477553758597,0.05601554148278779,384.3510241630064,2025,1,1,4
2025-02-01,4.08523317394472,12282453918.01597,920991546.5239116,Sui,-0.008629251973348961,-0.02453487788598896,-0.04319620894189824,3.9316858769871232,4.568329773429712,0.05564410920979754,380.1714371319541,2025,2,1,5
2025-02-02,3.7578974977583375,11626203918.073566,649173544.9458234,Sui,-0.08012655881532105,-0.09191762842835782,-0.13646065189817125,3.8773457742002884,4.548535070639086,0.057389407027674956,341.6969522331634,2025,2,1,6
2025-02-03,3.288853752992191,10166910868.959251,1282367269.283836,Sui,-0.12481547063110177,-0.1491721990742494,-0.3368445006091413,3.794971283610295,4.492850177175399,0.0549321377582964,286.5663392638578,2025,2,1,0
2025-02-04,3.644883982527047,11286028542.419172,5014157110.579207,Sui,0.10825359115191446,-0.07966121317859443,-0.31200298930563486,3.7499015636175796,4.43775232643169,0.05738211972157145,328.4135337076197,2025,2,1,1
2025-02-05,3.615512754554269,11147842943.222383,2574079821.8487954,Sui,-0.00805820654747269,-0.00908315550204497,-0.3097379167766282,3.745167093320618,4.383673283321695,0.057384186358569185,324.9612889652711,2025,2,1,2
2025-02-06,3.3293470626498083,10272394007.289017,1383521117.2080252,Sui,-0.07914940738184184,-0.10090448431070675,-0.34464124912322547,3.6917886793501715,4.325311847497358,0.05864125702829326,291.32585478344623,2025,2,1,3
2025-02-07,3.136012409824577,9675581787.855984,1484694299.1645272,Sui,-0.058069840478378154,-0.23897833093658294,-0.34567043206352366,3.5511058048929924,4.270088566662529,0.058680431503440426,268.60162482110655,2025,2,1,4
2025-02-08,3.001364234887233,9265681303.760777,1675661800.838176,Sui,-0.04293611036599054,-0.2653138493955042,-0.3860518881807624,3.3962673850276377,4.207179757938013,0.05860788754938374,252.77530477670408,2025,2,1,5
2025-02-09,3.075274356573514,9509124532.988491,891628389.6326244,Sui,0.024625508902640147,-0.18165028226342572,-0.3521922924000851,3.298749793429806,4.151448820465143,0.05896681599976633,261.46257618511436,2025,2,1,6
2025-02-10,3.0007149624208465,9272509607.231983,895701807.6801609,Sui,-0.024244794287473614,-0.08761070336715227,-0.4163797121072952,3.2575871090624706,4.0800875342493965,0.05614516125246996,252.69899038288602,2025,2,1,0
2025-02-11,3.208046016946289,9912141855.932356,1488159937.5674686,Sui,0.06909388499805291,-0.11984962146254441,-0.3546987059107257,3.195181685408077,4.0213093179786625,0.05815270467609135,277.0683338633305,2025,2,1,1
2025-02-12,3.3187086926335967,10273672839.802809,1564905450.574988,Sui,0.03449535171962603,-0.08209183097108541,-0.29888735656386667,3.152781105133695,3.9741499883220466,0.05838682048571494,290.07543866227945,2025,2,1,2
2025-02-13,3.589125662158988,11058960077.42262,1851384310.7903,Sui,0.08148258692473531,0.07802689074488489,-0.2439985351198759,3.189892333635006,3.935537126459986,0.06070692375869275,321.8597945002829,2025,2,1,3
2025-02-14,3.470157531539914,10731685730.69212,1189470953.6575463,Sui,-0.03314682789554679,0.10655095645301627,-0.24361067110890422,3.2376273510229114,3.8982826168742326,0.06069962687388679,307.8764804959312,2025,2,1,4
2025-02-15,3.561665208515822,11004029718.467104,1080471446.8458931,Sui,0.026369891321706307,0.18668209846568007,-0.265685948030117,3.317670347255567,3.8553271359528702,0.059820534680189066,318.6321389592891,2025,2,1,5
2025-02-16,3.418998207945065,10563966682.75087,598718960.0779254,Sui,-0.040056263634674294,0.11177014195069401,-0.28138974921083626,3.36677375459436,3.810700671318324,0.06007046799711535,301.8632996351881,2025,2,1,6
2025-02-17,3.266159152777938,10087438274.51062,454943491.119905,Sui,-0.0447028766531552,0.08846031485207861,-0.3274118944155078,3.4046943532168017,3.757702442199366,0.06013516154577713,283.89885412016633,2025,2,1,0
2025-02-18,3.2150978154518155,9931070752.840605,785486617.8863556,Sui,-0.015633450465110887,0.00219816002272899,-0.35897801476352653,3.4057017530033056,3.697686329510413,0.059554337978310265,277.8971904006659,2025,2,1,1
2025-02-19,3.0599993463337847,9454992445.089537,1144710119.5767305,Sui,-0.04824066887564815,-0.07795482226989636,-0.32041432254232705,3.368743274960475,3.6495948893845505,0.057545814607500814,259.6671771695096,2025,2,1,2
2025-02-20,3.2152290818240625,9934562620.47479,1009220718.892163,Sui,0.05072868256532814,-0.10417483686263951,-0.2663125771578613,3.3153294777697715,3.610692948481864,0.058553608375282985,277.91261922930926,2025,2,1,3
2025-02-21,3.449202202560767,10651779606.811516,983447337.922105,Sui,0.07277028005854147,-0.0060387255589079425,-0.2597349947530305,3.3123358593441794,3.570352506899714,0.058981267560522584,305.41342636828307,2025,2,1,4
2025-02-22,3.269871298170626,10109035150.900642,1277362517.6594765,Sui,-0.051991995208921504,-0.08192626012336213,-0.26732647950278166,3.2706510150091512,3.530583853326522,0.059202623202852384,284.33517344691086,2025,2,1,5
2025-02-23,3.4183122361084854,10561583908.982153,702727095.9245872,Sui,0.04539656897838973,-0.00020063533083625185,-0.20791880259810624,3.270553019032497,3.5006739825805515,0.05981654937904116,301.78267165911484,2025,2,1,6
2025-02-24,3.376593027261383,10422684297.397404,557401230.4758158,Sui,-0.012204622037276791,0.033811541115355226,-0.19374278298871628,3.286329286815846,3.473627587777541,0.05966452038570013,296.87906601038816,2025,2,1,0
2025-02-25,2.8320888540040956,8742138916.48383,1547587018.0000508,Sui,-0.16125845456090182,-0.11912824537000777,-0.3156359468080844,3.2316137208947433,3.430087942335471,0.0661064296725659,232.87896117797882,2025,2,1,1
2025-02-26,2.955695852676604,9146634163.262426,2332321034.4006915,Sui,0.04364516971201282,-0.034086116319648196,-0.23536028312288182,3.2167132218008603,3.3997619645206196,0.06596048186460987,247.4075199321502,2025,2,1,2
2025-02-27,2.8659902256195755,8858706307.326832,1457628260.6842687,Sui,-0.03035008726482913,-0.1086202094210833,-0.27633307947980656,3.166821956628791,3.3632825712920704,0.065823256951234,236.86367138575156,2025,2,1,3
2025-02-28,2.7869095836436144,8602728002.186287,875360074.977285,Sui,-0.027592781464865324,-0.1920132772805988,-0.2361814663641817,3.072208725354912,3.3345577558590906,0.064595765693999,227.56866571775234,2025,2,1,4
2025-03-01,2.831568283470982,8751693903.34782,1368715980.1812668,Sui,0.016024452350183793,-0.13404289488239451,-0.23533044223675448,3.0095940089692483,3.3055101666266924,0.06460924196934958,232.81777419295975,2025,3,1,5
2025-03-02,2.8185071448469388,8933112112.616272,635361501.3843286,Sui,-0.004612687145948979,-0.17546819887477094,-0.31602789423956135,2.923907567360456,3.2621006537540964,0.06053755875529064,231.28258992399654,2025,3,1,6
2025-03-03,3.2012758533259236,10164753432.052849,1409130607.4718742,Sui,0.1358054774417723,-0.051921322030820005,-0.216378669951229,2.8988622567982483,3.23263540973347,0.06619248263913735,276.2725802167717,2025,3,1,0
2025-03-04,2.6199388360303812,8315636048.028512,1150925590.256611,Sui,-0.18159541505664678,-0.07490937922861074,-0.3028179087925553,2.868555111373431,3.194703454342538,0.07241352812810055,207.94320483787163,2025,3,1,1
2025-03-05,2.534663125082162,8035237512.095139,1555215825.7914157,Sui,-0.03254874112917283,-0.14244792041548027,-0.2293171677894975,2.80840757885994,3.169563766745537,0.06922893515701735,197.9200411811159,2025,3,1,2
2025-03-06,2.6346569173798606,8362882099.566177,943414500.1505338,Sui,0.03945052551883288,-0.08071671221059551,-0.2771630235667425,2.775359963397123,3.1358895312406303,0.06638587903413118,209.67314336830327,2025,3,1,3
2025-03-07,2.7420425625301696,8681732035.759003,1744146254.5738342,Sui,0.040758872414061065,-0.016099202276517843,-0.24158957562072914,2.7689503889523457,3.106773858173161,0.0669938661716941,222.29507150891314,2025,3,1,4
2025-03-08,2.58249356109073,8188912312.502933,1705721912.1290038,Sui,-0.058186187048905214,-0.08796352319462075,-0.22432431570070743,2.7333682857551667,3.0818787414545246,0.06632047943670731,203.54195019315523,2025,3,1,5
2025-03-09,2.480862679886325,7866393630.02929,537294363.6108189,Sui,-0.039353779128680655,-0.11979549726454553,-0.20891171472593117,2.6851333621893647,3.0600404171232496,0.06590266966281287,191.59642732896484,2025,3,1,6
2025-03-10,2.2938722009027477,7248456792.6640415,744202426.4761043,Sui,-0.07537316776926384,-0.283450628436297,-0.23572348392799014,2.5555042689860534,3.036457349323767,0.06679637444928924,169.6178808909808,2025,3,1,0
2025-03-11,2.1003776097822855,6664164869.479365,1050375688.8124042,Sui,-0.08435282098292696,-0.19831044110759188,-0.31701130818047185,2.4812812366648975,3.0039607910973927,0.06798776233512462,146.8748520503878,2025,3,1,1
2025-03-12,2.2299746452309837,7069329784.056179,1278681380.3464792,Sui,0.061701779168237936,-0.12020866869292612,-0.2568522258335604,2.437754310971872,2.9782694471910642,0.06918085730552404,162.10746965379226,2025,3,1,2
2025-03-13,2.2839987791711587,7239922218.61494,921538137.8390812,Sui,0.0242263444814097,-0.13309442147686834,-0.2880405184008934,2.3876602912277716,2.9474678725985597,0.0679429600172136,168.45737550477563,2025,3,1,3
2025-03-14,2.163212588812404,6856919039.648766,831720090.8147296,Sui,-0.052883649264728105,-0.21109445259072168,-0.34817641764882856,2.3049702949823763,2.9089513358045194,0.06788941221753969,154.26036981605168,2025,3,1,4
2025-03-15,2.3247891701526524,7378707096.985102,801430118.2841767,Sui,0.074692881400507,-0.09978897714239976,-0.3522686612331628,2.2681553819912224,2.8668067860709754,0.06757811750305176,173.25180946357105,2025,3,1,5
2025-03-16,2.3543015936597076,7462381798.030675,556809770.6936634,Sui,0.012694666632982132,-0.05101495026416236,-0.3215577182702236,2.2500752268159916,2.8296115881416353,0.0676036952659994,176.72065009157026,2025,3,1,6
2025-03-17,2.233357641307977,7069974229.079761,502837873.6380225,Sui,-0.05137147792680452,-0.02638096384399935,-0.3729456558780163,2.241430289731024,2.785334669234707,0.06762944023470252,162.50510132350016,2025,3,1,0
2025-03-18,2.3734598550214505,7522915491.790801,770227293.1717621,Sui,0.06273165171674955,0.13001578571744132,-0.30580254487820246,2.2804420390509046,2.75048339080392,0.06881253912283716,178.972479913596,2025,3,1,1
2025-03-19,2.2886819808473824,7249566703.634638,687651282.366485,Sui,-0.035719110224133876,0.026326458797166108,-0.2992742013502895,2.288828801281819,2.7179008184062345,0.068674463897942,169.00783115406227,2025,3,1,2
2025-03-20,2.481595272258342,7864611669.894239,612301134.6460541,Sui,0.08429012550687953,0.08651339698127569,-0.22814315000565377,2.317056871722845,2.6934507336331186,0.07075448382392553,191.6825350043717,2025,3,1,3
2025-03-21,2.356812699836453,7465788258.488531,709493772.8804039,Sui,-0.05028320847352863,0.0894965719159091,-0.22979960676783362,2.3447140304405667,2.670011178749874,0.07079741172544098,177.01580128865953,2025,3,1,4
2025-03-22,2.2461781108110994,7118690147.87058,615317368.9532131,Sui,-0.046942461330521046,-0.0338142745806026,-0.30139406753039244,2.333483879106059,2.6377094797161087,0.07033542446233756,164.01199774872336,2025,3,1,5
2025-03-23,2.2609290594825935,7157920425.682175,394652032.2690939,Sui,0.006567132232522477,-0.0396603962842198,-0.3445066636557208,2.3201449456521854,2.5981003749468368,0.06868721691641122,165.74579944891164,2025,3,1,6
2025-03-24,2.282426670667294,7244075372.380517,482352942.2284176,Sui,0.009508308584268654,0.021970968040111893,-0.30198271964274903,2.3271548069892307,2.5651855540300588,0.06835774404059831,168.27259251504506,2025,3,1,0
2025-03-25,2.3852987970899666,7558403012.538205,825034190.9156908,Sui,0.04507138290344126,0.004988052375720198,-0.3021998482486591,2.32884608442759,2.5307517727294413,0.06834875239953334,180.36400925478958,2025,3,1,1
2025-03-26,2.4592722383958012,7789714659.540811,690090386.9821486,Sui,0.031012232679646257,0.07453646202311504,-0.2716705215758807,2.353216121220221,2.5001744131005887,0.06874584962230029,189.0587231447976,2025,3,1,2
2025-03-27,2.6272952745540517,8320259607.043946,1125879432.6704862,Sui,0.06832225954286897,0.058712233990967144,-0.07231184825310133,2.374030407262466,2.493347960452254,0.0637069605255067,208.80786825062677,2025,3,1,3
2025-03-28,2.7833903090720935,8823283046.750086,1425148457.4951017,Sui,0.05941282505619272,0.1809976708226506,-0.05829610088212389,2.4349700657246998,2.487604442332104,0.06414714660018404,227.15501610297713,2025,3,1,4
2025-03-29,2.505966042347635,7941175383.829883,1232218199.2335007,Sui,-0.09967134893738427,0.11565776119273363,-0.12561947352563274,2.4720826273727767,2.475603636223039,0.06648541792489764,194.54703433636175,2025,3,1,5
2025-03-30,2.3160665106717646,7337354155.442948,908923183.8410106,Sui,-0.07577897244687681,0.024387077054858652,-0.16894809782679354,2.479959406114087,2.4599088671239775,0.0676893435121057,172.22656273707727,2025,3,1,6
2025-03-31,2.34510620220635,7411039985.846319,804334815.469336,Sui,0.012538366839112136,0.027461794214282742,-0.1717995232904358,2.48891362490538,2.4436934644151562,0.06765697952907365,175.63983924402535,2025,3,1,0
2025-04-01,2.268661692324069,7190632276.378576,1029145962.8312606,Sui,-0.03259746181659462,-0.048898320373193194,-0.1950839307000336,2.472251181367395,2.425365282664394,0.06785839276655732,166.65468010913594,2025,4,2,1
2025-04-02,2.400856935195534,7801261812.873968,1078694409.3359275,Sui,0.05827014372338657,-0.023753085277932406,-0.2500312234257491,2.4639061380530713,2.3986846520600476,0.06366009277242961,182.192686643609,2025,4,2,2
2025-04-03,2.312938563651738,7509838307.309489,1366691567.4276855,Sui,-0.036619579557178206,-0.11965031640978052,-0.11717841201354029,2.418998036495598,2.3884513096474262,0.054887878764206914,171.8589091046095,2025,4,2,3
2025-04-04,2.258262469102491,7326672601.166354,1369549055.6433282,Sui,-0.02363923340139351,-0.18866482298871912,-0.10904828071411332,2.3439797736427974,2.3792379544481035,0.05474461677110463,165.4323729000374,2025,4,2,4
2025-04-05,2.2597870578540418,7344335020.315905,1463923012.4276168,Sui,0.000675115834589679,-0.09823715897720953,-0.14228412703488658,2.30881134728657,2.36674229246391,0.05417765290780521,165.61157049799493,2025,4,2,5
2025-04-06,2.219107856386217,7181224535.321235,478090085.97269267,Sui,-0.018001342793092512,-0.041863501690814986,-0.1907099157722133,2.294960110960063,2.3493111355924445,0.05357460723353338,160.83020556764887,2025,4,2,6
2025-04-07,1.9199961345388332,6252980405.492189,952094911.6813756,Sui,-0.13478917709501637,-0.18127540120253816,-0.25653400904205437,2.234230101293275,2.327227888040715,0.05782269194917191,125.67311679766155,2025,4,2,0
2025-04-08,2.0155958401124514,6582913183.570384,2141190197.809594,Sui,0.049791613563107795,-0.11154851914141994,-0.187542359174508,2.198077836691615,2.3117189933815854,0.05845304886949391,136.9097454208328,2025,4,2,1
2025-04-09,1.9289004945219397,6268893623.882993,1118059626.5961409,Sui,-0.04301226657903545,-0.19657832741089865,-0.15910725376818047,2.130655488023959,2.2995532698355583,0.057402904162253306,126.7197202956205,2025,4,2,2
2025-04-10,2.2220712649570227,7224618289.638687,2038161715.5691752,Sui,0.15198854024232222,-0.03928651634881797,0.05793894136366817,2.117674445353285,2.30360972500805,0.06204478934052584,161.17851962749944,2025,4,2,3
2025-04-11,2.1120882065227926,6872699639.460553,1137245480.0257392,Sui,-0.049495738579004245,-0.06472864185614036,-0.05286447492140889,2.0967924078418996,2.29968017705111,0.0617836409944984,148.25129589756537,2025,4,2,4
2025-04-12,2.1876332874492657,7103308944.688603,945138048.2281948,Sui,0.03576795736710525,-0.031929455544937646,-0.04219156884000752,2.0864847263555033,2.296467993993714,0.061975123099904356,157.13073766555814,2025,4,2,5
2025-04-13,2.349162115414722,7648542573.289723,1065986091.66852,Sui,0.07383725091959792,0.05860655157171868,0.08595989481755173,2.105063906216718,2.302666311547125,0.0625329406488205,176.11656446171128,2025,4,2,6
2025-04-14,2.2307006156955853,7257284600.856224,1015374358.7722484,Sui,-0.050427128439462066,0.16182557639960082,-0.04047186543409831,2.1494502606676824,2.2995300263985556,0.06186867791585884,162.1927990013375,2025,4,2,0
2025-04-15,2.1879036835670274,7108785279.850316,1040002270.1288697,Sui,-0.019185421758272536,0.08548729860692839,-0.07067824723085647,2.174065666875479,2.293983429395466,0.061925246107536934,157.16251957051492,2025,4,2,1
2025-04-16,2.0873105837498476,6781592020.030511,858509242.8531133,Sui,-0.045976932427472694,0.08212455213619951,-0.06539349312302545,2.1966956796223234,2.289115194143528,0.06178037010711523,145.3389757853427,2025,4,2,2
2025-04-17,2.0554851891543144,6682188411.789219,789148427.6732122,Sui,-0.01524708150444909,-0.07496882680129979,-0.13397094759972772,2.172897668793365,2.278516038614624,0.06066240895909318,141.59827242532552,2025,4,2,3
2025-04-18,2.120855760663852,6892492985.952415,564167318.3321085,Sui,0.031802988342831684,0.004151130674364012,-0.0733287637111526,2.174150176527802,2.272921831275173,0.06065963301910045,149.2818194669164,2025,4,2,4
2025-04-19,2.1188797801478123,6885871398.0694685,390268408.80191624,Sui,-0.0009316901944436129,-0.03142825979834052,-0.14616222724362526,2.1643282469133087,2.260831314871489,0.058496239734996916,149.04956604006605,2025,4,2,5
2025-04-20,2.157029429253769,7010383407.346322,370759110.14061147,Sui,0.01800463125062035,-0.08178775100288627,-0.08476841226990484,2.136880720318887,2.2541718725187327,0.05794308708989692,153.5336116397444,2025,4,2,6
2025-04-21,2.1083774647107956,6849043300.402409,414575829.3905024,Sui,-0.022555076849278266,-0.05483620263701161,-0.06134893997811408,2.119405984463917,2.249578517648722,0.057449999095071765,147.81514154533494,2025,4,2,0
2025-04-22,2.191915485089257,7088669217.310975,941648760.8878708,Sui,0.03962194710230427,0.0018336280305031316,-0.030524431584390332,2.1199790989670926,2.2472780651689446,0.05790561979978661,157.63405997479424,2025,4,2,1
2025-04-23,2.677622609274627,8690016615.164362,1702607647.6996326,Sui,0.2215902608879976,0.28280986553725307,0.17314726632237987,2.204309388327775,2.260451263122522,0.07058892445960305,214.7232585382429,2025,4,2,2
2025-04-24,2.958563882720452,9606944264.45044,3049606200.7250037,Sui,0.10492190814071911,0.4393506206375002,0.24033261004024387,2.333320630265795,2.279560099310205,0.07250256578792273,247.7446233603402,2025,4,2,3
2025-04-25,3.33289014977875,10844275370.039871,3174225377.239701,Sui,0.12652296245639905,0.5714836490037953,0.35523432409939915,2.506468400139352,2.3086806963563036,0.07550749720801561,291.7423032861751,2025,4,2,4
2025-04-26,3.5066961954278164,11415611119.505224,2678359428.5901713,Sui,0.05214874713485651,0.6549764777986558,0.33471720114254433,2.704727888036495,2.337994060385429,0.0751545980455523,312.17117360227223,2025,4,2,5
2025-04-27,3.5183322303088724,11427550969.662664,1514970319.9568472,Sui,0.003318232955631384,0.6311007084989333,0.26404558456689764,2.899199716758653,2.362492124426655,0.0746380317129487,313.5388535738805,2025,4,2,6
2025-04-28,3.560508563500249,11571018071.534653,1367635780.1763637,Sui,0.011987592538318603,0.6887434167243109,0.420812773729647,3.1066470165857183,2.3976435417984088,0.07168392615767585,318.4961888492876,2025,4,2,0
2025-04-29,3.516439908673003,11422764399.716969,2474427347.8815913,Sui,-0.012377067500695227,0.6042771414290229,0.5182810564680527,3.2958647913833956,2.4376559883984497,0.06985238449325756,313.31643327111635,2025,4,2,1
2025-04-30,3.540576447715664,11465115587.718493,1259268584.799288,Sui,0.006863913409448585,0.3222835942047906,0.5097723268927343,3.419143911160687,2.4775049965820934,0.06987050235347632,316.15340147979134,2025,4,2,2
2025-05-01,3.5127315785705258,11430767050.22541,1467573655.4287524,Sui,-0.007864501602021123,0.18730969410081033,0.5483717076264478,3.4983107248535545,2.5189739927903085,0.06942085849614972,312.88056238716706,2025,5,2,3
2025-05-02,3.54844443652934,11838452396.69164,1772216680.6599205,Sui,0.010166691408100004,0.06467488487878881,0.47799078925139815,3.5291041943893524,2.557226909501436,0.06898653102994018,317.0781916533601,2025,5,2,4
2025-05-03,3.4216758503136044,11417718361.917032,1444926884.8003128,Sui,-0.03572511518307031,-0.02424514140263001,0.4793630510061444,3.5169584308016084,2.594184819056832,0.06896350911239423,302.17802521619717,2025,5,2,5
2025-05-04,3.3347279053256993,11131387552.391045,684593104.4234776,Sui,-0.025410924000862423,-0.052185044778177314,0.4766786194923709,3.4907292415182978,2.6300670002642716,0.06899877693116246,291.9583099826114,2025,5,2,6
2025-05-05,3.2814880898993266,10954251092.23776,1052304941.6495268,Sui,-0.01596526521439623,-0.07836534265392259,0.4521227026654102,3.4508691738610233,2.664123701332448,0.06918675564382777,285.70059161075255,2025,5,2,0
2025-05-06,3.436330456483025,11467675122.04016,1383725664.639589,Sui,0.04718663068146278,-0.02278140797810735,0.5485188998785466,3.4394249664053125,2.7046977880023415,0.06914755628141243,303.9005029807108,2025,5,2,1
2025-05-07,3.3445586024587453,11165778436.361675,1700333661.7876084,Sui,-0.026706352950177425,-0.0553632574106363,0.7419611124696768,3.4114224170828953,2.752183203599672,0.06356257954382162,293.1137935913538,2025,5,2,2
2025-05-08,3.331790369958759,11125734702.98316,1386430872.2850196,Sui,-0.003817613627878913,-0.05151011529477556,0.653005182712064,3.3855736729954997,2.796056354594549,0.06346384022685626,291.6130370156323,2025,5,2,3
2025-05-09,4.014179549004117,13399370534.163843,3421531907.046599,Sui,0.20481155873375223,0.13125050167906904,1.0810713462951314,3.4521072604918963,2.8655656564106216,0.0708528023250791,371.81991354726256,2025,5,2,4
2025-05-10,3.9398316641041418,13152476213.44223,2087228581.1633053,Sui,-0.018521315250689452,0.15143334332591651,0.7730446931369424,3.526129519604831,2.922824336382192,0.06722360976857845,363.08118818690065,2025,5,2,5
2025-05-11,4.118569800987736,13716229296.536287,1929695959.1089032,Sui,0.04536694765720051,0.23505422868540737,0.9499989575569319,3.638106933270836,2.9897070561976897,0.06599967355400256,384.0897682124099,2025,5,2,6
2025-05-12,4.011242117307042,13392648447.145224,2085693775.2646024,Sui,-0.026059454827001893,0.2223850909756322,0.8335989584360666,3.742357508614795,3.0504940171929493,0.0665963749987555,371.4746527654649,2025,5,2,0
2025-05-13,3.9670205996966073,13245614114.68123,2822877345.1298227,Sui,-0.011024395017103283,0.1544351307111269,0.6886959710723362,3.8181703862167353,3.1044226333356786,0.06613598504737327,366.2769299528268,2025,5,2,1
2025-05-14,4.084296469080066,13635955744.24076,1687302588.6823442,Sui,0.02956270743651479,0.221176530163802,0.8309478377969091,3.923847224305495,3.166209161781828,0.06481675995946724,380.06133841741854,2025,5,2,2
2025-05-15,3.9181053760380817,13079740852.511393,1243931985.3520622,Sui,-0.040690261909272274,0.17597595916173447,0.7908034094308196,4.007606510888256,3.2238825515308633,0.06540666049606131,360.52751682469795,2025,5,2,3
2025-05-16,3.8387414300870457,12824864516.88296,1461834567.2770343,Sui,-0.02025569461107435,-0.043704601843381985,0.8390849258239077,3.9825439224715313,3.282263579742103,0.06465591867073056,351.1992120839005,2025,5,2,4
2025-05-17,3.793413921503808,12659595496.88498,1197345364.4778185,Sui,-0.011807908766131692,-0.037163451406908465,0.845507786443612,3.961627102100055,3.3401945374870863,0.06458995942289981,345.8714929522633,2025,5,2,5
2025-05-18,3.800386247532002,12688243265.67914,999322222.7860404,Sui,0.001838008235449884,-0.07725583608645537,0.7919116981073893,3.9161723087492355,3.3961788870493583,0.06467232988084608,346.69100842826185,2025,5,2,6
2025-05-19,3.8857645462839465,12923497124.967133,1527157652.6561828,Sui,0.022465689851232762,-0.03128147525219316,0.8338768356234334,3.8982469414602225,3.455075045920562,0.06453375191042443,356.7262300829456,2025,5,2,0
2025-05-20,3.835965554562131,12805707450.573263,1558690144.750687,Sui,-0.012815751219265037,-0.033036139299226,0.7783556879375517,3.8795247921552973,3.511039583430841,0.0648482764463196,350.8729403428898,2025,5,2,1
2025-05-21,3.858730735223917,12863985502.918514,1398970372.4433496,Sui,0.005934667644424296,-0.05522756135941187,0.8301897073981559,3.847301115890133,3.5693846924479455,0.06439202722349792,353.5487213936891,2025,5,2,2
2025-05-22,3.942600290827334,13187849597.52639,1764490658.8952732,Sui,0.021735011162563156,0.006251724351023169,0.7987008703790361,3.8508003894314546,3.627740852639214,0.06430766964847036,363.4066079159472,2025,5,2,3
2025-05-23,3.867828217552753,12910789330.564651,3684130440.743747,Sui,-0.018965167087452883,0.00757716767212635,0.4445008808020765,3.8549556447836992,3.667414372915152,0.05240406725137789,354.6180241673914,2025,5,2,4
2025-05-24,3.5957430591892727,12003949417.046543,2538537877.213492,Sui,-0.07034571937003797,-0.05210896211299121,0.21536772627769762,3.8267169501673366,3.6886536787974458,0.051631619941906286,322.63759221875097,2025,5,2,5
2025-05-25,3.617299402353175,12070077534.851015,711197024.10119,Sui,0.005994962045136276,-0.04817585194076657,0.08533412137609897,3.8005616865703615,3.6981339872165933,0.04650293021354858,325.17128854295015,2025,5,2,6
2025-05-26,3.5880311040706414,11978021181.59615,976217164.8948332,Sui,-0.008091201481274513,-0.07662158596254498,0.02319417027025983,3.758028337682746,3.700845150838021,0.04563122740771533,321.7311419832961,2025,5,2,0
2025-05-27,3.484170550983759,11628506091.97454,859086748.7157568,Sui,-0.028946391509553027,-0.09170963570305812,-0.009709622937488893,3.707771908600122,3.69970642819385,0.04597056288251584,309.5235472356767,2025,5,2,1
2025-05-28,3.675958324399339,12270476891.638187,1321108121.4771514,Sui,0.05504546078016448,-0.04736594060740329,0.032425076036214806,3.6816615641966104,3.7035547535571536,0.04699846422453175,332.0659595935919,2025,5,2,2
2025-05-29,3.6006033632627763,12019584933.807882,1012578864.621752,Sui,-0.02049940572949116,-0.08674400201314636,0.02393427920727187,3.6328048602588168,3.7063602020434794,0.047107724811107275,323.208864185981,2025,5,2,3
2025-05-30,3.52874942179198,11780344322.421177,1061167986.5572432,Sui,-0.019956083528646196,-0.08766645690777719,-0.0033404238259887586,3.584365032292992,3.7059659678460237,0.047262194334586616,314.763272742222,2025,5,2,4
2025-05-31,3.214361039548638,10734656580.48198,1441415293.9574697,Sui,-0.08909342791579922,-0.1060648698649298,-0.08493974912347468,3.529881886630044,3.6960202832119604,0.05002683676641487,277.8105910000419,2025,5,2,5
2025-06-01,3.2481333827592067,10848466684.898027,1072543049.6134156,Sui,0.01050670500141182,-0.1020556991643582,-0.08463174755636349,3.4771438838309057,3.686009914752956,0.05002968439306473,281.78013542608835,2025,6,2,6
2025-06-02,3.3504324946771176,11187738992.301483,627941104.5534099,Sui,0.03149473862770069,-0.06621977416081115,-0.020821187848626077,3.4432012253461166,3.683635136231739,0.049963516280099686,293.8042010045813,2025,6,2,0
2025-06-03,3.342723708373334,11356577361.900663,770430524.5561743,Sui,-0.002300833195723384,-0.0405969916055019,0.0023977377689092805,3.4229945335446277,3.683901662999994,0.04972893016248699,292.89812322629456,2025,6,2,1
2025-06-04,3.243925091630382,11016190943.936115,773720387.4586945,Sui,-0.029556321539667585,-0.11752941536396566,-0.011446940302653141,3.3612755002919195,3.6826495630576956,0.049952132040620933,281.28549996388625,2025,6,2,2
2025-06-05,3.1716298079891256,10774272163.121807,676561607.3448013,Sui,-0.022286360381065684,-0.1191393530457977,-0.07703003300934341,3.2999935638242546,3.6738262081078994,0.049331612612414685,272.7880339036163,2025,6,2,3
2025-06-06,2.9433465712732567,10011004424.406374,1182577224.2099469,Sui,-0.07197663363512308,-0.16589527352198397,-0.11995963559751599,3.216364585178723,3.6604524737350497,0.05079774944943339,245.95600616377786,2025,6,2,4
2025-06-07,3.202075665788915,10878547479.77216,960568701.4910812,Sui,0.08790303426746493,-0.003822026713417359,-0.038932432646250126,3.2146095317844767,3.6561286502627213,0.05344284058821996,276.3665888286277,2025,6,2,5
2025-06-08,3.2438667294063253,11019209519.767506,646467224.6818839,Sui,0.013051241750439369,-0.001313570857504942,-0.19189794830898876,3.2140000098769224,3.6304515562761286,0.037054476978924215,281.27864016621834,2025,6,2,6
2025-06-09,3.224461169681502,10954635963.52206,509401565.38781816,Sui,-0.005982230881715234,-0.037598526517322206,-0.1815738730515798,3.1960041063061198,3.606605873128707,0.03698380167882631,278.9977433104776,2025,6,2,0
2025-06-10,3.448180544903279,11713709295.2545,686224594.7477682,Sui,0.06938194118302099,0.03154817619708794,-0.16277234294382492,3.2110693686675407,3.5842595645925583,0.03836777654037814,305.29334244534283,2025,6,2,1
2025-06-11,3.4875689986538565,11836246962.536644,1081839194.7560625,Sui,0.011422967341079948,0.07510774760246397,-0.13055136123389988,3.245875641099466,3.5668037939707857,0.03827496937409942,309.92299505965315,2025,6,2,2
2025-06-12,3.3966525856654473,11532921934.052065,778894033.2039062,Sui,-0.02606870660437155,0.07094862619512021,-0.14377742683634687,3.278021752196083,3.5477915268364137,0.038469026924686886,299.23683277105783,2025,6,2,3
2025-06-13,3.2300237541458023,10970105356.185932,433760393.3502071,Sui,-0.049056777906239746,0.09739837831891207,-0.2091603098358521,3.3189756354635898,3.5193157696719384,0.038749426871217206,279.65156013381744,2025,6,2,4
2025-06-14,3.0696055715241486,10428424789.74744,1762100970.917754,Sui,-0.049664706773674294,-0.041370069945592225,-0.21655869944261708,3.3000513362829085,3.491032442854807,0.03905144006910723,260.79627672360346,2025,6,2,5
2025-06-15,2.947164902985387,10021453227.164751,923039536.6567876,Sui,-0.03988807867519162,-0.09146547967932062,-0.2322575102646186,3.2576653610799178,3.4613132252847523,0.03943752774826995,246.40480645193614,2025,6,2,6
2025-06-16,3.0254718367265734,10278144144.550266,642534192.1293857,Sui,0.026570258644796008,-0.06171242960714085,-0.20244088851574693,3.229238313514928,3.435715155792177,0.039929720503924904,255.6088717551645,2025,6,2,0
2025-06-17,3.016129590749878,10291170852.655106,989433367.6064916,Sui,-0.003087864135203122,-0.12529824019569136,-0.20636235521887436,3.16751674863587,3.409573267232773,0.03990335677759165,254.5107998739117,2025,6,2,1
2025-06-18,2.849676246430226,9680558013.647274,780313266.522225,Sui,-0.055187729608881964,-0.1829046973607824,-0.26663692241583636,3.076389212603923,3.3750369905709827,0.040447509495044005,234.94615370704182,2025,6,2,2
2025-06-19,2.8279596723038143,9600771874.610031,1036380550.5320508,Sui,-0.007620716266844685,-0.16742745954108784,-0.2627776156799664,2.995147367837976,3.3414367944957055,0.04044390475820886,232.39362410496946,2025,6,2,3
2025-06-20,2.832489302762997,9621801433.36592,608009544.7390324,Sui,0.0016017309240810018,-0.1230747764231026,-0.26595310812776063,2.938356731926146,3.307228746747008,0.04039526529453922,232.92602925166577,2025,6,2,4
2025-06-21,2.7140386305464252,9212306191.36538,851667200.7070999,Sui,-0.041818577073186924,-0.11583473273446465,-0.3116120249722554,2.8875614546436146,3.2662766914043115,0.04036923498510646,219.00353643773488,2025,6,2,5
2025-06-22,2.5375780903799963,8612094647.154896,773169795.742862,Sui,-0.06501769657232248,-0.138976550715059,-0.34392688929045323,2.8290490528428442,3.221935020498553,0.04151894872658634,198.26266130012843,2025,6,2,6
2025-06-23,2.4478180172338475,8317875708.954753,1439894157.6597114,Sui,-0.035372339273589515,-0.19093015921699064,-0.31924556984732,2.7465270786295974,3.1836708524333717,0.04033060998207737,187.71241325197656,2025,6,2,0
2025-06-24,2.8317760841898045,9600556976.855808,1749084654.0777023,Sui,0.1568572762569369,-0.06112254165917297,-0.21715739583302418,2.72019086340673,3.157486741827926,0.0507140061713882,232.84219873999183,2025,6,2,1
2025-06-25,2.7950722173409717,9494079840.158072,1272022471.575025,Sui,-0.012961429773263311,-0.019161485153850966,-0.22100111836546055,2.7123902878225508,3.131054778936937,0.050725674256680474,228.52808795544485,2025,6,2,2
2025-06-26,2.7273031872715596,9263869300.888445,992643957.2108064,Sui,-0.024245895919599025,-0.03559332405552096,-0.21723028555490687,2.6980107899608003,3.105825866813197,0.050663035823918935,220.56263012821225,2025,6,2,3
2025-06-27,2.602831493941516,8840106574.356638,1016006836.5971816,Sui,-0.04563911115968278,-0.08107985036252663,-0.29193117433755855,2.6652025315577315,3.070054972464603,0.049742684581948186,205.93243661815052,2025,6,2,4
2025-06-28,2.7125914060254868,9206196743.451454,1021597297.2860771,Sui,0.04216942677213398,-0.0005332365223730262,-0.24662865293571112,2.6649957851975974,3.0404545738900266,0.050607236467381654,218.83343210134015,2025,6,2,5
2025-06-29,2.808095923920942,9534210965.287966,563513213.2645202,Sui,0.03520785241865432,0.10660473250714286,-0.20422348309024263,2.7036411899891606,3.016432790627659,0.05116424736716061,230.0588725248972,2025,6,2,6
2025-06-30,2.9040153189562883,9863578249.416565,739493001.9113133,Sui,0.03415816184135689,0.1863689614630608,-0.09654973936466349,2.768812233092367,3.0060879332745802,0.049202255918821484,241.33307690977838,2025,6,2,0
2025-07-01,2.7773492714931813,9434408420.577145,788215389.7700908,Sui,-0.04361755485113317,-0.019220026964877457,-0.14493989494547976,2.761036974135706,2.9903951295657127,0.04970819248536914,226.4449627051601,2025,7,3,1
2025-07-02,2.672125912017111,9227495972.942589,609388467.7255406,Sui,-0.03788625383061717,-0.04398680812649014,-0.2024534395895582,2.743473216232298,2.967784910143713,0.04961127887161825,214.077185986386,2025,7,3,2
2025-07-03,2.9017816622786814,10023906399.359415,1067234071.52126,Sui,0.08594495836770277,0.06397472632357859,-0.13191100568381342,2.768398712661887,2.9530868419405576,0.05239830886890275,241.07053666023123,2025,7,3,3
2025-07-04,3.020411718935865,10433718323.583738,1296701452.1578348,Sui,0.04088179968854955,0.16043306144340508,-0.06890213749731822,2.8280530305182223,2.945636396184074,0.05276374434898871,255.01411401964086,2025,7,3,4
2025-07-05,2.8756488477883373,9932598630.94481,848768266.9761612,Sui,-0.04792819145812666,0.06011131694978111,-0.09332140827256441,2.851346950770058,2.9357703641773805,0.05332392532683179,237.9989295925703,2025,7,3,5
2025-07-06,2.900755489179161,10024720599.469015,445580610.2445088,Sui,0.008730774416401132,0.03299729345742519,-0.014470291235758714,2.8645840315212325,2.9343506614409107,0.051678590737191,240.94992199982806,2025,7,3,6
2025-07-07,2.9099902169324823,10047275003.36137,614158466.3917692,Sui,0.0031835595201905598,0.00205746090152914,-0.09121753491870399,2.865437588374974,2.924614479812363,0.04899773271954745,242.03535636991887,2025,7,3,0
2025-07-08,2.8554723231941432,9867480201.264511,657996671.3677713,Sui,-0.018734734371653072,0.028128637799653022,-0.11973192446265013,2.876598024332254,2.9116679996052905,0.04900330806044124,235.62741482261472,2025,7,3,1
2025-07-09,2.899298375024372,10023648697.09139,587905243.5773898,Sui,0.015348091968618638,0.08501562818788533,-0.10084252144653616,2.9090512333332916,2.900829239783386,0.0491149988781535,240.77865525250192,2025,7,3,2
2025-07-10,3.079385532300265,10639373328.38899,843139228.880011,Sui,0.062114047601044,0.061205111442504734,-0.10695351006145148,2.9344232147649465,2.888536072696619,0.048765342867821616,261.9457968662756,2025,7,3,3
2025-07-11,3.487583288902087,12022740516.869415,1743630932.5580304,Sui,0.13255818484569648,0.15467148635313,4.097481149711868e-06,3.0011620104744066,2.8885365490382267,0.0546331442525831,309.9246747113982,2025,7,3,4
2025-07-12,3.3909901240627467,11715918453.18135,1962221800.184976,Sui,-0.027696303381975595,0.1792086946466911,-0.0016670711707748032,3.074782192799322,2.8883478003181366,0.054662146890665876,298.5712765568337,2025,7,3,5
2025-07-13,3.397762769083976,11734136986.708332,1031865577.1558164,Sui,0.001997247049812856,0.171337185005364,0.051931201658463655,3.1457832327857242,2.893939100816076,0.05382772182445969,299.367321863077,2025,7,3,6
2025-07-14,3.491146874323171,12055281780.306908,947772105.2771854,Sui,0.02748399802625756,0.19971086294692264,0.1373275142283883,3.2288056124129656,2.907990477576043,0.05306075403973461,310.3435325489135,2025,7,3,0
2025-07-15,3.8767066077671855,13390148913.168123,2876868425.189479,Sui,0.11043927606705561,0.35764110766469814,0.31540200001710184,3.374696224494829,2.9389752010687697,0.05565151580638441,355.6615752224138,2025,7,3,1
2025-07-16,4.079647246039168,14088018251.58778,2935942403.9890623,Sui,0.05234872246080746,0.40711534941789984,0.34843339029497167,3.543317491782657,2.9741143813791897,0.05610355511011531,379.5148765597863,2025,7,3,2
2025-07-17,3.948771718710664,13653698949.533363,1785058600.8022616,Sui,-0.03208010875341438,0.28232456679790197,0.3092181883766174,3.667515518412714,3.0052024523112157,0.056610445663879565,364.13198717086823,2025,7,3,3
2025-07-18,4.022453938619905,13906987980.590675,1951298212.7968223,Sui,0.018659528875804243,0.153364265570328,0.41154769551762627,3.7439256112295456,3.0442950420508716,0.05524440310333593,372.7924713876675,2025,7,3,4
2025-07-19,3.7830957051297776,13053904718.191471,3314990082.8795,Sui,-0.05950552502094053,0.11563159039733484,0.3377474021925695,3.799940694239121,3.0761329098117374,0.05670408647895178,344.6587071517963,2025,7,3,5
2025-07-20,3.8464536712744906,13292885979.85605,1071928916.385968,Sui,0.016747650887816823,0.13205480567187444,0.35797641584114914,3.864039394552052,3.1099317220954537,0.056682740761478285,352.1056959434026,2025,7,3,6
2025-07-21,3.8897631621746744,13438148954.950832,1493196390.5985966,Sui,0.011259589897993916,0.11417918013798367,0.43320110421255764,3.920984578530838,3.1491225398163953,0.05577430225905546,357.1962206702725,2025,7,3,0
2025-07-22,3.9681636204257873,13723831197.900627,1814654890.6062677,Sui,0.020155586595478114,0.02359141970541767,0.5637601993291028,3.9340498660534955,3.196808724151255,0.053770766052523546,366.41127868711754,2025,7,3,1
2025-07-23,4.004586308025461,13844738933.72346,2122974164.6209188,Sui,0.00917872625316929,-0.018398879483166652,0.6359820378113061,3.9233268749086796,3.2487010005109758,0.05290114317670585,370.69234013557724,2025,7,3,2
2025-07-24,3.727419492167828,12847235756.586832,1329960354.9195373,Sui,-0.06921234667914933,-0.05605596937751345,0.3162832728825291,3.8917051282597037,3.2785557807769097,0.04831829033576563,338.11461871089364,2025,7,3,3
2025-07-25,3.714080796057193,12829145003.777548,1831470895.112512,Sui,-0.0035785336581145577,-0.07666293940671298,0.3287960049885579,3.847651822179316,3.30918940006745,0.048192718667098955,336.54681080172463,2025,7,3,4
2025-07-26,3.942603081825224,13632798811.14317,1972982093.8888657,Sui,0.06152862533594483,0.04216318833254973,0.44560498452299724,3.870438590278666,3.3496993965525723,0.04859591330769897,363.4069359651455,2025,7,3,5
2025-07-27,4.154014635530792,14352158465.994888,2006137576.1260617,Sui,0.05362232751253648,0.07995961749212843,0.5959598787704425,3.9143758708867082,3.401405501272215,0.0478050784784282,388.2558944570496,2025,7,3,6
2025-07-28,4.326642120575414,14949112765.07882,2226272921.8805223,Sui,0.04155678306187882,0.11231505368992467,0.5950216869981348,3.9767871506582426,3.4552071917572125,0.04779398930869438,408.54623874168476,2025,7,3,0
2025-07-29,3.895261344466851,13497413838.842676,2411821455.5342436,Sui,-0.09970336443061123,-0.018371791824227657,0.3871539470161336,3.966372539806966,3.491446039108743,0.05214733135774112,357.84246777060605,2025,7,3,1
2025-07-30,3.810993735147972,13166850779.956938,1793681376.952982,Sui,-0.021633364713404823,-0.04834271457441586,0.31231874373088875,3.9387164579673244,3.521678652981799,0.05233414872091805,347.93779468403915,2025,7,3,2
2025-07-31,3.7620151367487193,12998163360.817528,1686360696.7178185,Sui,-0.012851923094896134,0.00928139283855356,0.3545344027710833,3.943658692907452,3.5545008484903167,0.051534354365339846,342.1809325954625,2025,7,3,3
2025-08-01,3.6155049330050177,12491759319.619492,1582117518.3428898,Sui,-0.03894460772168007,-0.02654111971845685,0.3530443744231262,3.9295764267571416,3.5859468158565804,0.05156962940227024,324.96036963352554,2025,8,3,4
2025-08-02,3.4510512339423864,12100523716.766945,2718564363.342376,Sui,-0.045485679624269304,-0.12467698058392274,0.18928700901375883,3.8593547342024506,3.604255801578704,0.05059149036726646,305.63075840736394,2025,8,3,5
2025-08-03,3.3384859305998407,11729989569.93312,1208055712.2499156,Sui,-0.032617685369438654,-0.19632302157903792,0.10530822989126731,3.742850633498029,3.6148582753008367,0.0506744631953359,292.4000219534658,2025,8,3,6
2025-08-04,3.4447578704395223,12094360455.841318,1026318866.7665375,Sui,0.03183237612763801,-0.20382648380878965,0.19790629968220452,3.6168671691929015,3.633828576055876,0.049912027113035544,304.8910470447819,2025,8,3,0
2025-08-05,3.591877053453101,12614405317.633057,1420594286.8429203,Sui,0.04270813466341172,-0.07788547781131616,0.23825571195230566,3.573526556190937,3.656865961531674,0.05033115087216422,322.1831884059802,2025,8,3,1
2025-08-06,3.41058282375051,11981421584.1156,1166040683.5646148,Sui,-0.05047339510919546,-0.10506732343969993,0.1720255291255648,3.516324997419871,3.6735523817589413,0.05146196659587423,300.8741695291053,2025,8,3,2
2025-08-07,3.4989753085297934,12285721404.18258,1036360125.3266146,Sui,0.025917120136693006,-0.06991992819206339,0.22535780862194632,3.478747879102881,3.6950024812701296,0.05135053377215482,311.2636735404881,2025,8,3,3
2025-08-08,3.769796718112686,13228604362.74992,1604989108.178152,Sui,0.07740020597535646,0.0426750310030497,0.3002444834885256,3.500789562689691,3.7240190927064067,0.052881313407815635,343.0955665827037,2025,8,3,4
2025-08-09,3.84180806967266,13497843075.519468,1682147190.9002066,Sui,0.019102184267385525,0.11322834963649142,0.24758917952143333,3.556611967794016,3.749433177285487,0.051998858243785605,351.5596597436281,2025,8,3,5
2025-08-10,3.9015236152434194,13706088319.457582,1276571399.1799347,Sui,0.015543604596532479,0.16865060879331462,0.11868973213013745,3.6370459227430985,3.763231188163531,0.04648317909251485,358.57852454642784,2025,8,3,6
2025-08-11,3.875362637330685,13587055472.14407,1261039786.3666816,Sui,-0.006705323481965397,0.12500291256645601,0.14284102741284643,3.6985608894418363,3.779376938605796,0.04613398366183189,355.5036071974616,2025,8,3,0
2025-08-12,3.660938852504372,12845703575.67362,1176815515.7894197,Sui,-0.05532999228531721,0.019227216862803598,0.07745569697067078,3.708426860734875,3.788149474719809,0.0474520720810838,330.30059612529186,2025,8,3,1
2025-08-13,3.886979731632727,13653179477.625994,1607818109.8842,Sui,0.06174396465915444,0.1396819641982301,0.11338189757092265,3.7764835618609065,3.8013439032967944,0.04844900677279378,356.86906092526505,2025,8,3,2
2025-08-14,4.019284993548699,14123773606.961214,2292517010.830223,Sui,0.03403806323950076,0.14870344576324857,0.03677822445883594,3.850813516863607,3.8060965161561784,0.04455156189236882,372.41999891321046,2025,8,3,3
2025-08-15,3.7634413539247142,13216861550.412617,2754138103.942756,Sui,-0.06365401807401971,-0.001685863897497808,-0.0775081454460188,3.849905607693897,3.7955563197523627,0.045077591881585596,342.3485677638606,2025,8,3,4
2025-08-16,3.7066810506893457,13007209319.64292,2161139940.2715645,Sui,-0.01508202145256654,-0.035172766711073056,-0.06130784083420371,3.8306017478391374,3.7874866308183193,0.044788367488627794,335.67705717533397,2025,8,3,5
2025-08-17,3.776323241544441,13262223900.85543,969705940.6346412,Sui,0.018788287932716363,-0.03209012325590321,-0.06118918969148246,3.812715980167855,3.7792822742491365,0.04479033500784626,343.8626831712227,2025,8,3,6
2025-08-18,3.783957596576504,13288754789.708654,945116297.0024828,Sui,0.002021637064347548,-0.02358619032802045,0.00022782702683366018,3.799658117202972,3.7793110039640276,0.04341225272284555,344.7600124230024,2025,8,3,0
2025-08-19,3.602951382142859,12650955761.83476,1612933038.663355,Sui,-0.04783515930448279,-0.015839508032712613,-0.06330566021114947,3.791374192865613,3.771194260992973,0.044195014682292616,323.4848463764843,2025,8,3,1
2025-08-20,3.4181583957553388,12023060424.644016,1471616944.952599,Sui,-0.051289336654222195,-0.12061327000551658,-0.12124254016423786,3.7243997163117,3.755474102112329,0.0450528834390658,301.7645895227193,2025,8,3,2
2025-08-21,3.557964714173515,12505450666.95948,1373765560.858105,Sui,0.04090106491021239,-0.11477670285029384,-0.10337247792424886,3.658496819258102,3.7418008052372533,0.04558156350822061,318.1971890774128,2025,8,3,3
2025-08-22,3.4107844814018584,11979867568.861998,957127792.7016722,Sui,-0.04136641158506971,-0.09370595669176207,-0.14828044171094112,3.6081172660405514,3.722007411016466,0.04606213723508602,300.8978720303173,2025,8,3,4
2025-08-22,3.4433381868147284,12092333560.996592,1001305246.22954,Sui,0.009544345469605808,-0.07104546095910858,-0.07621393458665449,3.570496856915607,3.7125380341713634,0.04445125265641438,304.7241798190045,2025,8,3,4
